﻿<?xml version="1.0" encoding="utf-8"?>
<Application>
  <ActionDesign Id="ActionDesign">
    <Actions Id="Actions">
      <Action Id="ContinueWrite" Caption="续写" />
      <Action Id="FunctionHelp" Caption="解释公式" />
      <Action Id="Summarize" Caption="总结" />
      <Action Id="TranslateToChinese" Caption="翻译为中文" />
      <Action Id="TranslateToEnglish" Caption="翻译为英语" />
      <Action Id="TranslateToJapanese" Caption="翻译为日语" />
      <Action Id="TranslateToKorean" Caption="翻译为韩语" />
      <Action Id="WriteFunction" Caption="帮写公式" />
    </Actions>
  </ActionDesign>
</Application>