﻿<?xml version="1.0" encoding="utf-8"?>
<Application>
  <Views Id="Views">
    <DetailView Id="WordDocument_DetailView">
      <Layout Id="Layout">
        <LayoutGroup Id="Main">
          <LayoutGroup Id="SimpleEditors">
            <LayoutGroup Id="WordDocument">
              <LayoutItem Id="DocumentText" Removed="True" />
            </LayoutGroup>
            <LayoutGroup Id="XPObject">
              <LayoutItem Id="Oid" Removed="True" />
            </LayoutGroup>
          </LayoutGroup>
        </LayoutGroup>
      </Layout>
    </DetailView>
  </Views>
</Application>